Workbook
Name 等级: #REF!
Name 附加主题: #REF!
Name 理法主题: #REF!
Name 迷雾主题: #REF!
Name 神法主题: #REF!

Sheet 角色卡
A1: 基本信息 | H1: 形象 | O1: 角色主题 | X1: 角色主题 | AG1: 角色主题 | AP1: 角色主题 | AY1: 团队主题 | BH1: 附加主题
A2: 姓名 | B2: 炎 | D2: 玩家 | E2: 阿明 | O2: 主题类型 | Q2: 理法主题 | X2: 主题类型 | Z2: 神法主题 | AG2: 主题类型 | AI2: 神法主题 | AP2: 主题类型 | AR2: 神法主题 | AY2: 主题类型 | BA2: 团队主题 | BH2: 主题类型 | BJ2: 附加主题
A3: 年龄 | D3: 性别 | O3: 主题问卷 | Q3: 事件 | X3: 主题问卷 | Z3: 万变 | AG3: 主题问卷 | AI3: 坚壁 | AP3: 主题问卷 | AR3: 诡秘 | AY3: 主题问卷 | BA3: 团队问卷 | BH3: 主题问卷 | BJ3: 盟友
A4: 故乡 | D4: 现居 | O4: 标题 | Q4: 一场改变命运的大火 | X4: 标题 | Z4: 流变的火唇 | AG4: 标题 | AI4: 灰烬之壁 | AP4: 标题 | AY4: 标题 | BH4: 标题
A5: 信仰 | D5: 牵绊 | O5: =IF(Q2="理法主题","身份","谜题") | Q5: 我绝不会丢下任何一个同伴。 | X5: =IF(Z2="理法主题","身份","谜题") | Z5: 变化本身即是我的盾与剑。 | AG5: =IF(AI2="理法主题","身份","谜题") | AI5: 我护住的人，一个都不能少。 | AP5: =IF(AR2="理法主题","身份","谜题") | AY5: 身份/谜题 | BH5: 身份/谜题
A6: 故事标签 | H6: 背景故事 | O6: 描述 | Q6: 火场里走出的断层者，体内封存着不灭的怒火与旧城的灰烬。 | X6: 描述 | Z6: 神法以火焰与形态变幻护佑我，也时刻重塑着我。 | AG6: 描述 | AI6: 以余烬凝成的屏障。 | AP6: 描述 | AY6: 描述 | BA6: （请和队友一同讨论作答） | BH6: 描述
O8: 焦点 | P8: ○ | Q8: ○ | R8: ○ | S8: =IF(Q2="理法主题","裂痕","淡出") | T8: ○ | U8: ○ | V8: ○ | X8: 焦点 | Y8: ○ | Z8: ○ | AA8: ○ | AB8: =IF(Z2="理法主题","裂痕","淡出") | AC8: ○ | AD8: ○ | AE8: ○ | AG8: 焦点 | AH8: ○ | AI8: ○ | AJ8: ○ | AK8: =IF(AI2="理法主题","裂痕","淡出") | AL8: ○ | AM8: ○ | AN8: ○ | AP8: 焦点 | AQ8: ○ | AR8: ○ | AS8: ○ | AT8: =IF(AR2="理法主题","裂痕","淡出") | AU8: ○ | AV8: ○ | AW8: ○ | AY8: 焦点 | AZ8: ○ | BA8: ○ | BB8: ○ | BC8: 裂痕 | BD8: ○ | BE8: ○ | BF8: ○ | BH8: 焦点 | BI8: ○ | BJ8: ○ | BK8: ○ | BL8: 裂痕 | BM8: ○ | BN8: ○ | BO8: ○
O9: 序号 | P9: 力量标签 | V9: 燃尽 | X9: 序号 | Y9: 力量标签 | AE9: 燃尽 | AG9: 序号 | AH9: 力量标签 | AN9: 燃尽 | AP9: 序号 | AQ9: 力量标签 | AW9: 燃尽 | AY9: 序号 | AZ9: 力量标签 | BF9: 燃尽 | BH9: 序号 | BI9: 力量标签 | BO9: 燃尽
O10: A | P10: 这个关键事件给你留下了什么样的强烈情感？ | V10: ○ | X10: A | Y10: 是什么神法能力让你能针对任意情况做出不同反应？ | AE10: ○ | AG10: A | AH10: 你的神法赋予你的什么品质或能力最能保护你？ | AN10: ○ | AP10: A | AQ10: =INDEX(数据!2:2,MATCH(角色卡!AR3,数据!1:1,0)) | AW10: ○ | AY10: =IFERROR(INDEX(数据!$A$2:$A$11,MATCH(AZ10,数据!$AE$2:$AE$11,0)),"") | BF10: ○ | BH10: A | BI10: =INDEX(数据!2:2,MATCH(角色卡!BJ3,数据!1:1,0)) | BO10: ○
A11: 状态 | P11: 【不灭的怒火】 | Y11: 【随境而变的火】 | AH11: 【灰烬屏障】
O12: B | P12: 虽然已经发生了深刻的变化，但过去的你的哪一点仍然有助于你？ | V12: ○ | X12: B | Y12: 在你的神法能力之中，你最精擅哪一细类的效果？ | AE12: ○ | AG12: B | AH12: 你有什么办法来保护他人？ | AN12: ○ | AP12: =IFERROR(INDEX(数据!$A$2:$A$11,MATCH(AQ12,OFFSET(数据!$B$2,0,MATCH(AR$3,数据!$B$1:$AB$1,0)-1,10),0)),"") | AW12: ○ | AY12: =IFERROR(INDEX(数据!$A$2:$A$11,MATCH(AZ12,数据!$AE$2:$AE$11,0)),"") | BF12: ○ | BH12: =IFERROR(INDEX(数据!$A$2:$A$11,MATCH(BI12,数据!$AE$2:$AE$11,0)),"") | BO12: ○
P13: 【保护弱小的本能】 | Y13: 【火焰塑形】 | AH13: 【抗爆结构】
O14: C | P14: 在关键事件中，你获得了什么平凡但有用的东西，并且这个东西一直陪伴着你？ | V14: ○ | X14: C | Y14: 你最喜欢神法的哪种具体表现形式？ | AE14: ○ | AG14: =IFERROR(INDEX(数据!$A$2:$A$11,MATCH(AH14,OFFSET(数据!$B$2,0,MATCH(AI$3,数据!$B$1:$AB$1,0)-1,10),0)),"") | AN14: ○ | AP14: =IFERROR(INDEX(数据!$A$2:$A$11,MATCH(AQ14,OFFSET(数据!$B$2,0,MATCH(AR$3,数据!$B$1:$AB$1,0)-1,10),0)),"") | AW14: ○ | AY14: =IFERROR(INDEX(数据!$A$2:$A$11,MATCH(AZ14,数据!$AE$2:$AE$11,0)),"") | BF14: ○ | BH14: =IFERROR(INDEX(数据!$A$2:$A$11,MATCH(BI14,数据!$AE$2:$AE$11,0)),"") | BO14: ○
P15: 【烧焦却仍能用的旧钥匙】 | Y15: 【火舌化形】
A16: 团队成员 | E16: 帮助 | F16: 伤害 | O16: =IFERROR(INDEX(数据!$A$2:$A$11,MATCH(P16,OFFSET(数据!$B$2,0,MATCH(Q$3,数据!$B$1:$AB$1,0)-1,10),0)),"") | V16: ○ | X16: =IFERROR(INDEX(数据!$A$2:$A$11,MATCH(Y16,OFFSET(数据!$B$2,0,MATCH(Z$3,数据!$B$1:$AB$1,0)-1,10),0)),"") | AE16: ○ | AG16: =IFERROR(INDEX(数据!$A$2:$A$11,MATCH(AH16,OFFSET(数据!$B$2,0,MATCH(AI$3,数据!$B$1:$AB$1,0)-1,10),0)),"") | AN16: ○ | AP16: =IFERROR(INDEX(数据!$A$2:$A$11,MATCH(AQ16,OFFSET(数据!$B$2,0,MATCH(AR$3,数据!$B$1:$AB$1,0)-1,10),0)),"") | AW16: ○ | AY16: =IFERROR(INDEX(数据!$A$2:$A$11,MATCH(AZ16,数据!$AE$2:$AE$11,0)),"") | BF16: ○ | BH16: =IFERROR(INDEX(数据!$A$2:$A$11,MATCH(BI16,数据!$AE$2:$AE$11,0)),"") | BO16: ○
H18: 立绘 | O18: =IFERROR(INDEX(数据!$A$2:$A$11,MATCH(P18,OFFSET(数据!$B$2,0,MATCH(Q$3,数据!$B$1:$AB$1,0)-1,10),0)),"") | V18: ○ | X18: =IFERROR(INDEX(数据!$A$2:$A$11,MATCH(Y18,OFFSET(数据!$B$2,0,MATCH(Z$3,数据!$B$1:$AB$1,0)-1,10),0)),"") | AE18: ○ | AG18: =IFERROR(INDEX(数据!$A$2:$A$11,MATCH(AH18,OFFSET(数据!$B$2,0,MATCH(AI$3,数据!$B$1:$AB$1,0)-1,10),0)),"") | AN18: ○ | AP18: =IFERROR(INDEX(数据!$A$2:$A$11,MATCH(AQ18,OFFSET(数据!$B$2,0,MATCH(AR$3,数据!$B$1:$AB$1,0)-1,10),0)),"") | AW18: ○ | AY18: =IFERROR(INDEX(数据!$A$2:$A$11,MATCH(AZ18,数据!$AE$2:$AE$11,0)),"") | BF18: ○ | BH18: =IFERROR(INDEX(数据!$A$2:$A$11,MATCH(BI18,数据!$AE$2:$AE$11,0)),"") | BO18: ○
O20: =IFERROR(INDEX(数据!$A$2:$A$11,MATCH(P20,OFFSET(数据!$B$2,0,MATCH(Q$3,数据!$B$1:$AB$1,0)-1,10),0)),"") | V20: ○ | X20: =IFERROR(INDEX(数据!$A$2:$A$11,MATCH(Y20,OFFSET(数据!$B$2,0,MATCH(Z$3,数据!$B$1:$AB$1,0)-1,10),0)),"") | AE20: ○ | AG20: =IFERROR(INDEX(数据!$A$2:$A$11,MATCH(AH20,OFFSET(数据!$B$2,0,MATCH(AI$3,数据!$B$1:$AB$1,0)-1,10),0)),"") | AN20: ○ | AP20: =IFERROR(INDEX(数据!$A$2:$A$11,MATCH(AQ20,OFFSET(数据!$B$2,0,MATCH(AR$3,数据!$B$1:$AB$1,0)-1,10),0)),"") | AW20: ○ | AY20: =IFERROR(INDEX(数据!$A$2:$A$11,MATCH(AZ20,数据!$AE$2:$AE$11,0)),"") | BF20: ○ | BH20: =IFERROR(INDEX(数据!$A$2:$A$11,MATCH(BI20,数据!$AE$2:$AE$11,0)),"") | BO20: ○
O22: 序号 | P22: 弱点标签 | V22: 激活 | X22: 序号 | Y22: 弱点标签 | AE22: 激活 | AG22: 序号 | AH22: 弱点标签 | AN22: 激活 | AP22: 序号 | AQ22: 弱点标签 | AW22: 激活 | AY22: 序号 | AZ22: 弱点标签 | BF22: 激活 | BH22: 序号 | BI22: 弱点标签 | BO22: 激活
A23: 进化时刻 | O23: A | P23: 关键事件给你留下了什么样的情感上的创伤或负担？ | V23: ○ | X23: A | Y23: 你的适应能力依赖于什么？ | AE23: ○ | AG23: A | AH23: 你的防御能力如何影响你的外观？ | AN23: ○ | AP23: =IFERROR(INDEX(数据!$A$13:$A$16,MATCH(AQ23,OFFSET(数据!$B$13,0,MATCH(AR$3,数据!$B$1:$AB$1,0)-1,4),0)),"") | AW23: ○ | AY23: =IFERROR(INDEX(数据!$A$13:$A$16,MATCH(AZ23,数据!$AE$13:$AE$16,0)),"") | BF23: ○ | BH23: =IFERROR(INDEX(数据!$A$13:$A$16,MATCH(BI23,数据!$AE$13:$AE$16,0)),"") | BO23: ○
A24: 增强点 | B24: ○ | C24: ○ | D24: ○ | E24: ○ | F24: ○ | P24: 【火光闪回的创伤】 | Y24: 【依赖可燃物】 | AH24: 【屏障需时重塑】
O25: =IFERROR(INDEX(数据!$A$13:$A$16,MATCH(P25,OFFSET(数据!$B$13,0,MATCH(Q$3,数据!$B$1:$AB$1,0)-1,4),0)),"") | V25: ○ | X25: =IFERROR(INDEX(数据!$A$13:$A$16,MATCH(Y25,OFFSET(数据!$B$13,0,MATCH(Z$3,数据!$B$1:$AB$1,0)-1,4),0)),"") | AE25: ○ | AG25: =IFERROR(INDEX(数据!$A$13:$A$16,MATCH(AH25,OFFSET(数据!$B$13,0,MATCH(AI$3,数据!$B$1:$AB$1,0)-1,4),0)),"") | AN25: ○ | AP25: =IFERROR(INDEX(数据!$A$13:$A$16,MATCH(AQ25,OFFSET(数据!$B$13,0,MATCH(AR$3,数据!$B$1:$AB$1,0)-1,4),0)),"") | AW25: ○ | AY25: =IFERROR(INDEX(数据!$A$13:$A$16,MATCH(AZ25,数据!$AE$13:$AE$16,0)),"") | BF25: ○ | BH25: =IFERROR(INDEX(数据!$A$13:$A$16,MATCH(BI25,数据!$AE$13:$AE$16,0)),"") | BO25: ○
O27: =IFERROR(INDEX(数据!$A$13:$A$16,MATCH(P27,OFFSET(数据!$B$13,0,MATCH(Q$3,数据!$B$1:$AB$1,0)-1,4),0)),"") | V27: ○ | X27: =IFERROR(INDEX(数据!$A$13:$A$16,MATCH(Y27,OFFSET(数据!$B$13,0,MATCH(Z$3,数据!$B$1:$AB$1,0)-1,4),0)),"") | AE27: ○ | AG27: =IFERROR(INDEX(数据!$A$13:$A$16,MATCH(AH27,OFFSET(数据!$B$13,0,MATCH(AI$3,数据!$B$1:$AB$1,0)-1,4),0)),"") | AN27: ○ | AP27: =IFERROR(INDEX(数据!$A$13:$A$16,MATCH(AQ27,OFFSET(数据!$B$13,0,MATCH(AR$3,数据!$B$1:$AB$1,0)-1,4),0)),"") | AW27: ○ | AY27: =IFERROR(INDEX(数据!$A$13:$A$16,MATCH(AZ27,数据!$AE$13:$AE$16,0)),"") | BF27: ○ | BH27: =IFERROR(INDEX(数据!$A$13:$A$16,MATCH(BI27,数据!$AE$13:$AE$16,0)),"") | BO27: ○
O29: 提升 | X29: 提升 | AG29: 提升 | AP29: 提升 | AY29: 提升 | BH29: 提升
A31: 报应

Sheet 自定义主题
A1: 自定义理法主题 | J1: 自定义神法主题 | S1: 此表可以自创主题，或者加入未列入的拓展主题，填写相应的主题问题，就可以在主题列表里找到啦
A2: 主题问卷名称 | C2: 自定义理法 | J2: 主题问卷名称 | L2: 自定义神法
A3: 力量标签问题 | J3: 力量标签问题
A4: A | J4: A
A5: B | J5: B
A6: C | J6: C
A7: D | J7: D
A8: E | J8: E
A9: F | J9: F
A10: G | J10: G
A11: H | J11: H
A12: I | J12: I
A13: J | J13: J
A14: 弱点标签问题 | J14: 弱点标签问题
... A18: D | J18: D

Sheet 数据
B1: 事件 | C1: 关系 | D1: 使命 | E1: 个性 | F1: 财产 | G1: 例程 | H1: 训练 | I1: 困境（SS） | J1: 地盘（SS） | K1: 传统（LL） | L1: =自定义主题!C2 | O1: 万变 | P1: 坚壁 | Q1: 感知 | R1: 外显 | S1: 机动 | T1: 遗物 | U1: 诡秘 | V1: 召唤（SS） | W1: 宿命（SS） | X1: 灵地（SS） | Y1: 使魔（SS） | Z1: 困境（SS） | AA1: 秘术（LL） | AB1: =自定义主题!L2 | AE1: 团队主题 | AH1: 盟友 | AI1: 行动基地 | AJ1: 载具
A2: A | B2: 这个关键事件给你留下了什么样的强烈情感？ | C2: 为什么这个关系对你如此重要？ | D2: 为了完成你的使命，你最需要什么？ | E2: 你的个性的核心是什么？ | F2: 你拥有的最重要的东西是什么？ | G2: 你用你的时间做什么？ | H2: 你最擅长或最了解什么？ | I2: 不谈困境的话，它带来的最好的事物是什么？ | J2: 你控制着什么样的场所或领地？ | K2: 你保护哪些传统或者社区的安危？ | L2: =自定义主题!C4 | N2: A | O2: 是什么神法能力让你能针对任意情况做出不同反应？ | P2: 你的神法赋予你的什么品质或能力最能保护你？ | Q2: 是什么让你能以神奇的方式知晓你通常无法知晓的事？ | R2: 使用神法影响世界时，你最常用的是哪种方式？ | S2: 你的神法最实用的移动方式是什么？ | T2: 你的遗物最有用的主要是什么特质/部分？ | U2: 你用来遮掩/隐藏自己的行动的主要能力是？ | V2: 你能够召唤谁或什么？ | W2: 你的宿命最有用的一点是什么？ | X2: 你的灵地是什么，或在哪里？ | Y2: 你的使魔的主要特性、能力或力量是什么？ | Z2: 不谈困境的话，它带来的最好的事物是什么？ | AA2: 你能操控何种秘术力量？ | AB2: =自定义主题!L4 | AD2: A | AE2: 你们如何帮助、协助或支持其他人？ | AH2: 你的盟友用什么来帮助你？ | AI2: 你的基地的最有用的特点是什么？ | AJ2: 你的载具如何帮助你移动？
A3: B | B3: 虽然已经发生了深刻的变化，但过去的你的哪一点仍然有助于你？ | C3: 列举一项对方拥有而且可以用来帮助你的品质或技能。 | D3: 你在完成使命的过程中被迫学会了什么？ | E3: 人们首先注意到你的什么？ | F3: 你如何概括你的财产？ | G3: 你的工作领域有什么特权？ | H3: 在你的专业领域内，你最擅长哪一项技能或科目？ | I3: 因为困境，你从自己身上找到了什么样的崭新力量？ | J3: 什么东西帮你统治你的地盘？ | K3: 得益于你的传统，你被培养了何种技能或者能力？ | L3: =自定义主题!C5 | N3: B | O3: 在你的神法能力之中，你最精擅哪一细类的效果？ | P3: 你有什么办法来保护他人？ | Q3: 运用能力，你能得到其他哪种类型的知识？ | R3: 你能运用哪种实用的反面效果？ | S3: 你如何进入超速状态？ | T3: 请举出另外一种运用上述特质的方法。 | U3: 你会如何运用自己的能力来分散他人的注意力？ | V3: 你最有用的召唤体是谁或什么？ | W3: 在宿命显现之前，你的神法是谁或什么？ | X3: 你的灵地最有用的一点是什么？ | Y3: 你的使魔具有其他什么天生的武器或防御措施？ | Z3: 因为困境，你从自己身上找到了什么样的崭新力量？ | AA3: 你的秘术领域中标志性的异能或者超自然效应是怎么体现的？ | AB3: =自定义主题!L5 | AD3: B | AE3: 你们在哪里会面、工作、休息或准备行动？ | AH3: 你的盟友拥有怎样的财产/训练/社会地位/特殊性质？ | AI3: 是什么防御机制/设备从入侵者手里保护你的基地？ | AJ3: 是什么让你的载具足够快，甚至能使它更快？
A4: C | B4: 在关键事件中，你获得了什么平凡但有用的东西，并且这个东西一直陪伴着你？ | C4: 因为这段关系，你被迫学习了什么？ | D4: 谁在帮助你完成使命？ | E4: 由于你的个性，你拥有什么样的人际交往能力？ | F4: 你的财产中还包含什么重要的物品？ | G4: 你使用什么样的工具？ | H4: 你还间接涉足过哪些相似领域？ | I4: 你如何在困境中的每一天里坚持下来？ | J4: 你最了解你的地盘的什么？ | K4: 还有谁与你遵循相同传统，并且可以在你求助时前来助你一臂之力？ | L4: =自定义主题!C6 | N4: C | O4: 你最喜欢神法的哪种具体表现形式？ | P4: 你的防御有什么特别实用的特点？ | Q4: 你最容易了解的事物是？ | R4: 你的主要能力有什么实用的特性？ | S4: 是什么让你能够摆脱束缚和限制？ | T4: 你的遗物具有什么关键且实用的核心品质？ | U4: 你的主要效果有什么实用的特性？ | V4: 你还能显现哪些召唤体？ | W4: 什么特质或情感因宿命产生，或是会让你迎来宿命？ | X4: 你如何快速地，隐秘地（等类似形容）到访灵地？ | Y4: 你的使魔为什么追随你？ | Z4: 你如何在困境中的每一天里坚持下来？ | AA4: 你的力量会被用来怎样伤害阻碍他人呢？ | AB4: =自定义主题!L6 | AD4: C | AE4: 你们一起掌握了什么？ | AH4: 你的盟友拥有其他什么能力？ | AI4: 你在基地里工作时能获得什么好处？ | AJ4: 是什么让你的载具能够载更多人？
A5: D | B5: 在关键事件之中或者之后，你获得了什么样的权力？ | C5: 在他们身边已经让你…… | D5: 你对使命的目的或者目标有什么了解？ | E5: 如果你想，你也可以让人感觉怎样? | F5: 在你的某个物品上增加什么元件/附件能够改变/提升它的性能？ | G5: 通常谁会帮助你？ | H5: 你在训练中学会了什么动作/方法/策略/习惯/技巧？ | I5: 在你的困境中，你从哪里、如何寻求慰藉？ | J5: 你地盘上的的什么人会听从你的命令？ | K5: 何种情感、信仰与感悟让你不曾放弃你的传统？ | L5: =自定义主题!C7 | N5: D | O5: 什么条件能够增强你的适应能力？ | P5: 你的防御对什么类型的攻击或影响特别有效？ | Q5: 你使用什么物品或物质作为获取知识的媒介？ | R5: 什么条件或情形会强化你的神法的外显能力？ | S5: 你学会了什么次级移动方式？ | T5: 你的遗物有什么外观特征？ | U5: 在伪装的掩护下，你最擅长做什么？ | V5: 你的召唤体如何为你战斗或帮你实现目标？ | W5: 你的宿命给予你怎样的免疫和防御？ | X5: 你的灵地受到什么保护？ | Y5: 你的使魔如何移动？ | Z5: 在你的困境中，你从哪里、如何寻求慰藉？ | AA5: 你如何利用这种力量自保或者脱离险境？ | AB5: =自定义主题!L7 | AD5: D | AE5: 谁在指导、支持或协助你们的行动？ | AH5: 你的盟友出于什么动机帮助你？ | AI5: 你的基地包含何种特殊设施？ | AJ5: 你能使用你的载具做出什么机动？
A6: E | B6: 在关键事件之后，你联系了谁或者与谁亲密起来？ | C6: 当你求助时，谁会帮助你？（答案可以就是你的关系） | D6: 为了达成目标你会使用怎样的策略/方法？ | E6: 因为你的个性，你追求什么特殊的技能/状态？ | F6: 你通常会用你的财产做什么样的特技/行动？ | G6: 你在日常活动中学到了什么？ | H6: 你的训练培养了什么品质/特质？ | I6: 你的支持网络里有谁？ | J6: 你的地盘上开展什么样的例行活动？ | K6: 你常参加什么日常活动来发扬你的传统？ | L6: =自定义主题!C8 | N6: E | O6: 你习惯了哪些情形，或者在什么条件下能快速解决问题？ | P6: 你能怎样灵活地将防御能力用于进攻？ | Q6: 你的感知能力的哪种特性会让它特别有效？ | R6: 你的外显能力对什么目标更加有效？ | S6: 你精通于哪种移动方式或移动技巧？ | T6: 你的遗物还包含什么其他特质/部分/附件？ | U6: 谁最容易落入你的诡秘陷阱？ | V6: 你的召唤体掌握，或能为你提供什么平凡或神秘的技能和知识？ | W6: 你如何学会与宿命共处？ | X6: 你的灵地有哪些魔法或超自然性质？ | Y6: 你的使魔还有其他什么魔法性质或属性？ | Z6: 你的支持网络里有谁？ | AA6: 你使用什么法器或者魔法仪式来引导你的力量？ | AB6: =自定义主题!L8 | AD6: E | AE6: 你们如何出行？ | AH6: 你的盟友如何击退对手？ | AI6: 你在基地里存放了何种特殊装备？ | AJ6: 你的载具给路人什么印象？
A7: F | B7: 由于关键事件，你掌握了什么技能或普通能力？ | C7: 他们送给你了什么礼物/传家宝/工具/其他？ | D7: 达成使命的过程使你…… | E7: 你性格中的哪一方面保证了你的安全或者帮助你抵抗外界影响？ | F7: 什么能够帮助你隐藏你的财产或隐瞒你正在使用它的事实？ | G7: 作为你的主要职业的一部分，你具体从事什么活动？ | H7: 列举一位你可以在本领域内寻求帮助的老师/教练/同伴。 | I7: 在应对困境时，你需要用上什么样的技巧、能力或习惯？ | J7: 你的地盘上有什么丰富资源？ | K7: 你拥有什么平平无奇但实用非常的传家宝或者资产吗？ | L7: =自定义主题!C9 | N7: F | O7: 你的能力天生能保护你不受什么伤害？ | P7: 你的防御有什么附带效果？ | Q7: 你的感知能力在战斗中能给你带来什么优势？ | R7: 你掌握了外显能力的哪些特殊变种或特别用法？ | S7: 你的机动能力能让你避开哪些具体的有害效果？ | T7: 使用这件遗物会为你揭示什么信息？ | U7: 秘密行事是如何让你获得新信息的？ | V7: 你的召唤体如何保护你？ | W7: 谁或什么帮助你实现宿命？ | X7: 你的灵地最适合什么活动？ | Y7: 你的使魔有什么敏锐或超自然的感官？ | Z7: 在应对困境时，你需要用上什么样的技巧、能力或习惯？ | AA7: 你的秘术能力在什么场合下最有效果？ | AB7: =自定义主题!L9 | AD7: F | AE7: 你们在什么样的情况或情形下感到最自在？ | AH7: 你的盟友怎样保护你或者保护他自己？ | AI7: 谁在你的基地里工作/生活？ | AJ7: 你的载具包含/储存/搭载了什么武器？
A8: G | B8: 由于关键事件，你获得了哪些知识？ | C8: 要与他们打交道，你需要…… | D8: 你为手头任务奉献的本质原因是？ | E8: 什么品质或物品能最好地表达或凸显你的个人风格？ | F8: 什么保证了你的财产的安全？ | G8: 在完成你的工作的同时，你掌握了什么诀窍？ | H8: 你通常会使用哪些与你的训练相关的设备？ | I8: 由于困境，你总是带着什么样的物品？ | J8: 你的权力宝座位居何处？ | K8: 当冲突无法避免时，我的传统教导我该如何抗争？ | L8: =自定义主题!C10 | N8: G | O8: 什么样的态度或情绪是你适应能力的核心？ | P8: 你的防御还有什么效果或特性（不一定是防御性的）？ | Q8: 你的神法如何强化了你的普通感官？ | R8: 你的神法有什么额外的外显能力（不一定与主能力相关）？ | S8: 战斗中，你如何使用机动能力来给自己创造优势？ | T8: 你的遗物被设计成对什么物体/人最有效？ | U8: 谁是你的盟友？ | V8: 你的召唤体在何时具有优势？ | W8: 你所持有的什么物品与宿命相联？ | X8: 谁居住在你的灵地内？ | Y8: 你的使魔可以召唤谁或什么的帮助？ | Z8: 由于困境，你总是带着什么样的物品？ | AA8: 哪些曾与你一同学习神秘学的盟友或同僚可以为你提供帮助？ | AB8: =自定义主题!L10 | AD8: G | AE8: 你们拥有什么特殊的信息来源？ | AH8: 你的盟友可以接触哪些特殊情报来源？ | AI8: 你的基地拥有什么超自然力量？ | AJ8: 你的载具因为其神法拥有了什么特征？
A9: H | B9: 在关键事件之后，你选择了什么样的生活方式？ | C9: 列举一项你们一起进行的活动。 | D9: 为了达成使命，你必须获得什么有益的地位/状态？ | E9: 由于你的个性，你养成了什么有用的习惯? | F9: 你如何处理，修复或保养你的财产？ | G9: 由于日常例程，你拥有了什么特质？ | H9: 你的训练对什么人或事物有最好的效果? | I9: 由于困境，你得以强烈地察觉到什么事物？ | J9: 你如何伤害那些侵犯你领地的人？ | K9: 你从你的传统中知道了那些或平常或罕见的传承或学识？ | L9: =自定义主题!C11 | N9: H | O9: 你能制造或召唤哪些特定的物体或生物？ | P9: 你的能力是用来保护什么的？ | Q9: 你创造了何种创造性地使用感知能力的方式？ | R9: 你能运用自己的外显能力来完成什么特殊技巧或动作？ | S9: 你如何移动他人？ | T9: 从这件遗物中，你学会了什么？ | U9: 由于你的能力，你不太可能被什么影响? | V9: 是什么让你的召唤体的效果难以抵御和解除？ | W9: 你能如何把宿命或其一部分引导到别人身上？ | X9: 在领域内你有什么本领？ | Y9: 你的使魔最喜欢什么环境或条件？ | Z9: 由于困境，你得以强烈地察觉到什么事物？ | AA9: 作为秘术训练的成果，你获得了什么实用的普通技能？ | AB9: =自定义主题!L11 | AD9: H | AE9: 你们为自己创造了什么样的称号或名声？ | AH9: 你的盟友拥有哪些资源/古物/装备？ | AI9: 你的基地的外观有什么实用之处？ | AJ9: 是什么帮助你的载具避免了或者幸免于惩罚？
A10: I | B10: 在关键事件之中，你的身体获得了哪些改变/提升？ | C10: 什么能帮助你保护他们？ | D10: 你有什么东西可以帮助你完成使命？ | E10: 通常什么会让你感兴趣？ | F10: 你的财产有什么实用的特质？ | G10: 你在哪里完成你的例行公事，或者去哪里逃避它？ | H10: 你的技艺在什么情况下效果最好？ | I10: 陷入痛苦时，你如何爆发？ | J10: 你如何打击那些侵犯你领地的家伙？ | K10: 你的传统如何保护了自己与他人？ | L10: =自定义主题!C12 | N10: I | O10: 你在战斗中会使用什么策略或效果组合？ | P10: 在要紧关头，你如何利用防御来使局势变得对自己有利？ | Q10: 你要如何用能力影响他人？ | R10: 你释放自己的神法时，会展现出怎样的姿态？ | S10: 你如何运用自己的能力去限制他人的行动？ | T10: 当你的遗物被全力驱使时，会发生什么？ | U10: 什么环境/条件会增强你隐秘行动的能力？ | V10: 你能够显现和召唤体有关的哪些物品？ | W10: 你如何加速宿命实现或逃脱宿命？ | X10: 你的领域充斥着怎样的氛围或情感？ | Y10: 你和使魔如何协作？ | Z10: 陷入痛苦时，你如何爆发？ | AA10: 是什么支持着你钻研这些秘术力量？ | AB10: =自定义主题!L12 | AD10: I | AE10: 在应对挑战时，你们会采取什么方法或战术？ | AH10: 你的盟友如何获得信息？ | AI10: 你的基地的下方/上方有什么？ | AJ10: 你的载具拥有什么监控/侦察能力？
A11: J | B11: 因为这个事件，人们如何对待你？ | C11: 你们在哪里一起度过时光？ | D11: 在实现目标的计划中，你最重视的是哪一部分？ | E11: 你如何努力提高自己？ | F11: 什么东西能够和你的其他力量标签组合起来？ | G11: 是什么让你每天都去同一个地方？ | H11: 你正在探索关于训练的哪些不寻常的新式应用？ | I11: 什么给了你困境将会结束的希望？ | J11: 你如何监控自己地盘上发生的事？ | K11: 你采用了什么生活方式遵循你的传统？ | L11: =自定义主题!C13 | N11: J | O11: 你如何用你的能力来增强或削弱其他人？ | P11: 你在使用防御能力时会采用哪些策略？ | Q11: 把感知能力发挥到极限时，你能触及什么新的知识领域？ | R11: 你如何运用能力来保护自己，尤其是免受相似效果的影响？ | S11: 你的机动能力给你带来了什么特殊资源？ | T11: 你才刚刚解锁遗物的哪个方面/元素？ | U11: 你还开发了什么次要的诡秘能力？ | V11: 你如何控制召唤体？ | W11: 宿命实现时你会展现什么能力？ | X11: 当你离开灵地后，你可以保留什么物品、技能或品质？ | Y11: 你的使魔在神法中象征什么？ | Z11: 什么给了你困境将会结束的希望？ | AA11: 你在秘术研究中发现了什么秘密？ | AB11: =自定义主题!L13 | AD11: J | AE11: 你们可以使用哪种特殊装备、资源或力量？ | AH11: 你为什么信任你的盟友？ | AI11: 有什么特殊的方式可以进入你的基地？ | AJ11: 你的载具如何避免被发现？
A12: 弱点 | N12: 弱点 | AD12: 弱点
A13: A | B13: 关键事件给你留下了什么样的情感上的创伤或负担？ | C13: 他们会为何被阻碍或者被伤害？ | D13: 追求使命带来的副作用/负担是什么？ | E13: 当你走极端时发生什么？ | F13: 你的所有物或财产有什么理论/实际缺陷？ | G13: 在一天结束的时候，你还剩下什么？ | H13: 你的技艺中最大的缺陷是什么？ | I13: 你的困境如何影响你的日常生活？ | J13: 哪种麻烦总是纠缠着你的地盘？ | K13: 遵循该传统的人都会遇到什么麻烦？ | L13: =自定义主题!C15 | N13: A | O13: 你的适应能力依赖于什么？ | P13: 你的防御能力如何影响你的外观？ | Q13: 当你的感知淹没你的时候会发生什么？ | R13: 什么情况或条件会削弱或抑制你神法的外显？ | S13: 什么会阻碍你或减慢你的速度？ | T13: 你的遗物最麻烦的缺点是什么？ | U13: 什么能够令你暴露？ | V13: 谁或什么会阻碍你的召唤能力？ | W13: 宿命会导致怎样的毁灭和灾厄？ | X13: 你灵地的最大弱点是什么？ | Y13: 你的使魔会怎样妨碍你？ | Z13: 你的困境如何影响你的日常生活？ | AA13: 你的秘术修行吸引了什么危险力量或者你的克星前来？ | AB13: =自定义主题!L15 | AD13: A | AE13: 你们一起行事的方式存在什么缺陷或不足？ | AH13: 你的盟友会如何把你牵扯进麻烦？ | AI13: 何种状况或负面特质会使你的基地难以使用？ | AJ13: 是什么会让阻碍你的载具或者让载具慢下来？
A14: B | B14: 在关键事件之后，你必须承担什么样的责任或社会负担 | C14: 他们对你有什么负面影响？ | D14: 你的计划有哪些弱点/不确定因素？ | E14: 什么样的人/环境会让你的个性不那么有效？ | F14: 你展示了哪些与你的财产有关的坏习惯/特征？ | G14: 你的日常轨迹有哪些限制或负面影响？ | H14: 你的训练如何对你的身体或心理产生了不利影响？ | I14: 你的困境让你感觉如何？ | J14: 作为领袖，你养成了何种恶习或恶俗？ | K14: 你的传统让你承担了什么义务或受到了约束？ | L14: =自定义主题!C16 | N14: B | O14: 什么效果是你的神法难以达成的？ | P14: 你的防御能力有什么缺陷？ | Q14: 什么可以阻碍或遮蔽你的感知？ | R14: 什么目标免疫或能够抵抗你的外显能力？ | S14: 当你运动地太快、移动了太远，会发生什么？ | T14: 什么可以干扰你的遗物的力量？ | U14: 当你暴露之后，会被他人发现什么？ | V14: 你的召唤体失控时如何行事？ | W14: 怎样的性格缺点引来你的宿命？ | X14: 你在灵地中待的太久会发生什么？ | Y14: 什么事物会阻止你的使魔帮助你，或是会分散它的注意力？ | Z14: 你的困境让你感觉如何？ | AA14: 什么会阻碍你使用能力？ | AB14: =自定义主题!L16 | AD14: B | AE14: 你们如何使他人陷入麻烦？ | AH14: 你的盟友的能力/方法/装备/态度有什么缺点？ | AI14: 你的基地在安全方面最明显的弱点是什么？ | AJ14: 你的载具的最明显弱点是什么？
A15: C | B15: 由于这个事件，谁/什么一直困扰着你？ | C15: 什么人/事物在与你争夺他们的注意/时间？ | D15: 哪种方法/心态会阻碍你的努力？ | E15: 你的外表、风格或体格的哪些方面会阻碍你？ | F15: 什么情况会降低你的财产的效用？ | G15: 什么人或事物可以干扰你的日常轨迹？ | H15: 由于你在这个领域的突出地位，谁在追赶着你？ | I15: 糟糕的一天是什么样的？ | J15: 谁或者什么会削弱你们？ | K15: 你质疑甚至反抗何种传统准则？ | L15: =自定义主题!C17 | N15: C | O15: 是什么阻碍了你的神法或限制了它的可能性？ | P15: 什么攻击对你的防御特别有效？ | Q15: 什么是超出了你的感知范围？ | R15: 当你失去对神法外显的控制时会发生什么？ | S15: 当你被抓住时会发生什么？ | T15: 什么可以破坏或摧毁你的遗物？ | U15: 你在躲着谁/什么？ | V15: 谁或什么能够约束、驱逐、控制或摧毁你的召唤体？ | W15: 你迫在眉睫的宿命如何负面地影响了你的生活？ | X15: 谁想要进入，摧毁或逃离你的灵地？ | Y15: 你的使魔有什么自然或超自然的弱点？ | Z15: 糟糕的一天是什么样的？ | AA15: 你的秘术修行让你陷入了什么麻烦？ | AB15: =自定义主题!L17 | AD15: C | AE15: 你们都惧怕什么人或者事物？ | AH15: 你的盟友的哪些特质最令你困扰？ | AI15: 当你在基地里待了太长时间会发生什么？ | AJ15: 什么状况会让你的载具反应迟钝？
A16: D | B16: 由于这个事件，你的身体或精神上有什么受损了？ | C16: 在什么情况下他们会无法帮助你？ | D16: 你为什么到现在还没有成功？ | E16: 当你被逼到绝境会发生什么？ | F16: 什么人或事物能阻止你使用你的财产？ | G16: 当你偏离日常轨迹的时候会发生什么？ | H16: 列举一项针对力量标签描述的特定行动或方法的缺陷。 | I16: 什么会让你的困境更加恶化？ | J16: 谁，什么或那里在你地盘之外？ | K16: 遵循传统为你带来了什么情感创伤或者包袱？ | L16: =自定义主题!C18 | N16: D | O16: 由于你的适应能力，你养成了什么坏习惯？ | P16: 从你的防御中衍生出来的什么个性特征让你陷入麻烦？ | Q16: 要使用感知能力什么是必不可缺的？ | R16: 你的神法给世界带来了什么出乎意料的影响？ | S16: 你的行动给自身、他人或环境留下了什么残余痕迹？ | T16: 你身上有哪一点因为遗物而变得更糟了？ | U16: 在阴影下或面具后面，你的内心产生了什么不好的想法？ | V16: 召唤体最大的缺点是什么？ | W16: 你的宿命会引来怎样的邪恶？ | X16: 什么会阻碍你到访或运用灵地？ | Y16: 你从使魔身上学到了什么负面的习惯或表现？ | Z16: 什么会让你的困境更加恶化？ | AA16: 你限制你能力发挥的主要因素是什么？ | AB16: =自定义主题!L18 | AD16: D | AE16: 你们难以应付怎样的处境或位置？ | AH16: 什么人或事物最有可能伤害你的盟友？ | AI16: 你的基地的神法能力会带来什么副作用？ | AJ16: 你的载具的神法或者背景故事会怎样给你惹上麻烦？
A21: 另选一个宽泛力量标签
A22: 获得一个附加主题：盟友
A23: 获得一个附加主题：行动基地
A24: 获得一个附加主题：载具
A25: 摆脱报应
A26: 经历蜕变
A27: 离开迷雾之城
A28: 一个核心动作永久成为非同凡响！的
A29: 一个核心动作永久成为非同凡响！的
A30: 一个核心动作永久成为非同凡响！的
A31: 看穿迷雾
